,MAE,MSE,RMSE,MAPE,R² Score
LSTM,3.7722587490779356,28.978803600952723,5.383196411143914,2235315793156474.8,0.619539060436449
GRU,4.098295590969712,29.893621828995347,5.467505997161352,2446769391828410.0,0.6075284678887458
BiLSTM,3.816355617691606,28.93027010484367,5.378686652412806,2305683708746535.0,0.620176253737602
