,MAE,MSE,RMSE,R² Score
GRU,3.988481815543741,32.89938508524876,5.735798556892385,0.5676542248732643
BiLSTM,4.427778307397225,35.168578388807376,5.9303101427166,0.5378337241193053
LSTM,3.9292094152301846,37.49569319209348,6.123372697467751,0.5072520506069105
